{"textFields":[],"animationObjects":{"1":{"type":"texture","id":"0"}},"version":"2.5","animationMasks":{},"animationConfigFrames":[{"frameNumber":1,"state":{"1":{"st":"0,{1,0,0,1,151.8,76.4},1"}}}],"textureAtlas":[{"atlases":[{"sources":[{"csf":1,"source":"ui1.png"},{"csf":2,"source":"ui2.png"}],"id":1}],"scale":1,"elements":[{"pivotY":33,"name":"0","y":0,"pivotX":52,"atlasID":1,"scale9Grid":{"x":-18,"y":-15,"height":31,"width":36},"x":0,"height":66,"scale":1,"width":90}]}],"pivotPoint":{"y":-32.65,"x":-96.45},"animationFrameCount":1,"namedParts":{},"boundingBox":{"x":96.45,"y":32.65,"height":87.55000000000001,"width":111.74999999999999}}