{"version":"2.5","pivotPoint":{"y":-74.85,"x":-101.85},"textFields":[{"restrict":null,"height":35.4,"wordWrap":true,"text":"string1\rstring2\r","embedFonts":true,"multiline":true,"maxChars":0,"id":"1","selectable":false,"textFormat":{"bullet":false,"target":"","display":"block","kerning":true,"align":"justify","font":"Times New Roman","letterSpacing":0,"tabStops":[],"color":16776960,"size":12,"url":"","leftMargin":2,"leading":4,"rightMargin":1,"underline":false,"indent":1,"bold":false,"blockIndent":0,"italic":false},"editable":false,"displayAsPassword":false,"width":44}],"textureAtlas":[{"atlases":[{"id":1,"sources":[{"csf":1,"source":"ui1.png"},{"csf":2,"source":"ui2.png"}]}],"elements":[{"name":"0","y":0,"scale":1,"atlasID":1,"scale9Grid":{"x":15,"y":15,"height":25,"width":25},"x":0,"height":55,"pivotY":3,"pivotX":3,"width":55}],"scale":1}],"animationObjects":{"1":{"type":"texture","id":"0"},"2":{"type":"textField","id":"1"}},"animationConfigFrames":[{"frameNumber":1,"state":{"1":{"st":"0,{1,0,0,1,102.35,75.35},1"},"2":{"st":"1,{1,0,0,1,108.35,85.1},1"}}},{"frameNumber":2,"state":{"1":{"st":"0,{1.00143,0,0,1,102.65,75.35},1"},"2":{"st":"1,{1.00143,0,0,1,108.66,85.1},1"}}},{"frameNumber":3,"state":{"1":{"st":"0,{1.00571,0,0,1,103.7,75.35},1"},"2":{"st":"1,{1.00571,0,0,1,109.73,85.1},1"}}},{"frameNumber":4,"state":{"1":{"st":"0,{1.01283,0,0,1,105.35,75.35},1"},"2":{"st":"1,{1.01283,0,0,1,111.43,85.1},1"}}},{"frameNumber":5,"state":{"1":{"st":"0,{1.02283,0,0,1,107.75,75.35},1"},"2":{"st":"1,{1.02283,0,0,1,113.89,85.1},1"}}},{"frameNumber":6,"state":{"1":{"st":"0,{1.03568,0,0,1,110.8,75.35},1"},"2":{"st":"1,{1.03568,0,0,1,117.01,85.1},1"}}},{"frameNumber":7,"state":{"1":{"st":"0,{1.05136,0,0,1,114.5,75.35},1"},"2":{"st":"1,{1.05136,0,0,1,120.81,85.1},1"}}},{"frameNumber":8,"state":{"1":{"st":"0,{1.06992,0,0,1,118.9,75.35},1"},"2":{"st":"1,{1.06992,0,0,1,125.32,85.1},1"}}},{"frameNumber":9,"state":{"1":{"st":"0,{1.09131,0,0,1,123.95,75.35},1"},"2":{"st":"1,{1.09131,0,0,1,130.498,85.1},1"}}},{"frameNumber":10,"state":{"1":{"st":"0,{1.11557,0,0,1,129.75,75.35},1"},"2":{"st":"1,{1.11557,0,0,1,136.44,85.1},1"}}},{"frameNumber":11,"state":{"1":{"st":"0,{1.1427,0,0,1,136.15,75.35},1"},"2":{"st":"1,{1.1427,0,0,1,143.01,85.1},1"}}},{"frameNumber":12,"state":{"1":{"st":"0,{1.17265,0,0,1,143.2,75.35},1"},"2":{"st":"1,{1.17265,0,0,1,150.24,85.1},1"}}},{"frameNumber":13,"state":{"1":{"st":"0,{1.20546,0,0,1,151,75.35},1"},"2":{"st":"1,{1.20546,0,0,1,158.23,85.1},1"}}},{"frameNumber":14,"state":{"1":{"st":"0,{1.24113,0,0,1,159.45,75.35},1"},"2":{"st":"1,{1.24113,0,0,1,166.897,85.1},1"}}},{"frameNumber":15,"state":{"1":{"st":"0,{1.27966,0,0,1,168.55,75.35},1"},"2":{"st":"1,{1.27966,0,0,1,176.23,85.1},1"}}},{"frameNumber":16,"state":{"1":{"st":"0,{1.32104,0,0,1,178.3,75.35},1"},"2":{"st":"1,{1.32104,0,0,1,186.23,85.1},1"}}},{"frameNumber":17,"state":{"1":{"st":"0,{1.36528,0,0,1,188.85,75.35},1"},"2":{"st":"1,{1.36528,0,0,1,197.04,85.1},1"}}},{"frameNumber":18,"state":{"1":{"st":"0,{1.41237,0,0,1,199.95,75.35},1"},"2":{"st":"1,{1.41237,0,0,1,208.42,85.1},1"}}},{"frameNumber":19,"state":{"1":{"st":"0,{1.46233,0,0,1,211.75,75.35},1"},"2":{"st":"1,{1.46233,0,0,1,220.52,85.1},1"}}},{"frameNumber":20,"state":{"1":{"st":"0,{1.51509,0,0,1,224.25,75.35},1"},"2":{"st":"1,{1.51509,0,0,1,233.34,85.1},1"}}},{"frameNumber":21,"state":{"1":{"st":"0,{1.57074,0,0,1,237.4,75.35},1"},"2":{"st":"1,{1.57074,0,0,1,246.82,85.1},1"}}},{"frameNumber":22,"state":{"1":{"st":"0,{1.62924,0,0,1,251.25,75.35},1"},"2":{"st":"1,{1.62924,0,0,1,261.03,85.1},1"}}},{"frameNumber":23,"state":{"1":{"st":"0,{1.690598,0,0,1,265.8,75.35},1"},"2":{"st":"1,{1.690598,0,0,1,275.94,85.1},1"}}},{"frameNumber":24,"state":{"1":{"st":"0,{1.75481,0,0,1,281,75.35},1"},"2":{"st":"1,{1.75481,0,0,1,291.53,85.1},1"}}},{"frameNumber":25,"state":{"1":{"st":"0,{1.82188,0,0,1,296.85,75.35},1"},"2":{"st":"1,{1.82188,0,0,1,307.78,85.1},1"}}},{"frameNumber":26,"state":{"1":{"st":"0,{1.89182,0,0,1,313.45,75.35},1"},"2":{"st":"1,{1.89182,0,0,1,324.801,85.1},1"}}},{"frameNumber":27,"state":{"1":{"st":"0,{1.96454,0,0,1,330.6,75.35},1"},"2":{"st":"1,{1.96454,0,0,1,342.39,85.1},1"}}},{"frameNumber":28,"state":{"1":{"st":"0,{2.04018,0,0,1,348.55,75.35},1"},"2":{"st":"1,{2.04018,0,0,1,360.79,85.1},1"}}},{"frameNumber":29,"state":{"1":{"st":"0,{2.11867,0,0,1,367.1,75.35},1"},"2":{"st":"1,{2.11867,0,0,1,379.81,85.1},1"}}},{"frameNumber":30,"state":{"1":{"st":"0,{2.199997,0,0,1,386.35,75.35},1"},"2":{"st":"1,{2.199997,0,0,1,399.55,85.1},1"}}},{"frameNumber":31,"state":{"1":{"st":"0,{2.119995,0,0,1.11467,388.4,86.55},1"},"2":{"st":"1,{2.119995,0,0,1.11467,401.12,97.42},1"}}},{"frameNumber":32,"state":{"1":{"st":"0,{2.03998,0,0,1.22932,390.4,97.8},1"},"2":{"st":"1,{2.03998,0,0,1.22932,402.64,109.79},1"}}},{"frameNumber":33,"state":{"1":{"st":"0,{1.96001,0,0,1.34399,392.35,108.95},1"},"2":{"st":"1,{1.96001,0,0,1.34399,404.11,122.05},1"}}},{"frameNumber":34,"state":{"1":{"st":"0,{1.87997,0,0,1.45866,394.35,120.1},1"},"2":{"st":"1,{1.87997,0,0,1.45866,405.63,134.32},1"}}},{"frameNumber":35,"state":{"1":{"st":"0,{1.79999,0,0,1.57332,396.35,131.3},1"},"2":{"st":"1,{1.79999,0,0,1.57332,407.15,146.64},1"}}},{"frameNumber":36,"state":{"1":{"st":"0,{1.71999,0,0,1.68799,398.35,142.55},1"},"2":{"st":"1,{1.71999,0,0,1.68799,408.67,159.01},1"}}},{"frameNumber":37,"state":{"1":{"st":"0,{1.639999,0,0,1.80266,400.35,153.75},1"},"2":{"st":"1,{1.639999,0,0,1.80266,410.19,171.33},1"}}},{"frameNumber":38,"state":{"1":{"st":"0,{1.559998,0,0,1.91734,402.35,164.9},1"},"2":{"st":"1,{1.559998,0,0,1.91734,411.71,183.59},1"}}},{"frameNumber":39,"state":{"1":{"st":"0,{1.479996,0,0,2.03201,404.35,176.1},1"},"2":{"st":"1,{1.479996,0,0,2.03201,413.23,195.91},1"}}},{"frameNumber":40,"state":{"1":{"st":"0,{1.39998,0,0,2.14668,406.35,187.35},1"},"2":{"st":"1,{1.39998,0,0,2.14668,414.75,208.28},1"}}},{"frameNumber":41,"state":{"1":{"st":"0,{1.31998,0,0,2.26134,408.35,198.5},1"},"2":{"st":"1,{1.31998,0,0,2.26134,416.27,220.55},1"}}},{"frameNumber":42,"state":{"1":{"st":"0,{1.23997,0,0,2.37601,410.35,209.7},1"},"2":{"st":"1,{1.23997,0,0,2.37601,417.79,232.87},1"}}},{"frameNumber":43,"state":{"1":{"st":"0,{1.15999,0,0,2.49068,412.35,220.85},1"},"2":{"st":"1,{1.15999,0,0,2.49068,419.31,245.13},1"}}},{"frameNumber":44,"state":{"1":{"st":"0,{1.07999,0,0,2.60533,414.35,232.1},1"},"2":{"st":"1,{1.07999,0,0,2.60533,420.83,257.502},1"}}},{"frameNumber":45,"state":{"1":{"st":"0,{1,0,0,2.720001,416.35,243.3},1"},"2":{"st":"1,{1,0,0,2.720001,422.35,269.82},1"}}},{"frameNumber":46,"state":{"1":{"st":"0,{1.06934,0,0,2.68518,393,244.2},1"},"2":{"st":"1,{1.06934,0,0,2.68518,399.42,270.38},1"}}},{"frameNumber":47,"state":{"1":{"st":"0,{1.13866,0,0,2.65041,369.7,245},1"},"2":{"st":"1,{1.13866,0,0,2.65041,376.53,270.84},1"}}},{"frameNumber":48,"state":{"1":{"st":"0,{1.20799,0,0,2.61557,346.35,245.9},1"},"2":{"st":"1,{1.20799,0,0,2.61557,353.598,271.402},1"}}},{"frameNumber":49,"state":{"1":{"st":"0,{1.27733,0,0,2.580795,323,246.8},1"},"2":{"st":"1,{1.27733,0,0,2.580795,330.66,271.96},1"}}},{"frameNumber":50,"state":{"1":{"st":"0,{1.34665,0,0,2.54597,299.7,247.65},1"},"2":{"st":"1,{1.34665,0,0,2.54597,307.78,272.47},1"}}},{"frameNumber":51,"state":{"1":{"st":"0,{1.41599,0,0,2.5112,276.35,248.5},1"},"2":{"st":"1,{1.41599,0,0,2.5112,284.85,272.98},1"}}},{"frameNumber":52,"state":{"1":{"st":"0,{1.48532,0,0,2.47641,253,249.35},1"},"2":{"st":"1,{1.48532,0,0,2.47641,261.91,273.49},1"}}},{"frameNumber":53,"state":{"1":{"st":"0,{1.55466,0,0,2.44159,229.7,250.25},1"},"2":{"st":"1,{1.55466,0,0,2.44159,239.03,274.06},1"}}},{"frameNumber":54,"state":{"1":{"st":"0,{1.62399,0,0,2.40677,206.35,251.15},1"},"2":{"st":"1,{1.62399,0,0,2.40677,216.09,274.62},1"}}},{"frameNumber":55,"state":{"1":{"st":"0,{1.69333,0,0,2.37199,183,252},1"},"2":{"st":"1,{1.69333,0,0,2.37199,193.16,275.13},1"}}},{"frameNumber":56,"state":{"1":{"st":"0,{1.76265,0,0,2.337204,159.7,252.85},1"},"2":{"st":"1,{1.76265,0,0,2.337204,170.28,275.64},1"}}},{"frameNumber":57,"state":{"1":{"st":"0,{1.83199,0,0,2.30238,136.35,253.75},1"},"2":{"st":"1,{1.83199,0,0,2.30238,147.34,276.198},1"}}},{"frameNumber":58,"state":{"1":{"st":"0,{1.90132,0,0,2.26756,113,254.6},1"},"2":{"st":"1,{1.90132,0,0,2.26756,124.41,276.71},1"}}},{"frameNumber":59,"state":{"1":{"st":"0,{1.97064,0,0,2.23279,89.7,255.45},1"},"2":{"st":"1,{1.97064,0,0,2.23279,101.52,277.22},1"}}},{"frameNumber":60,"state":{"1":{"st":"0,{2.03998,0,0,2.197998,66.35,256.35},1"},"2":{"st":"1,{2.03998,0,0,2.197998,78.59,277.78},1"}}},{"frameNumber":61,"state":{"1":{"st":"0,{1.971802,0,0,2.11942,68.65,244.45},1"},"2":{"st":"1,{1.971802,0,0,2.11942,80.48,265.11},1"}}},{"frameNumber":62,"state":{"1":{"st":"0,{1.90594,0,0,2.04358,70.95,232.95},1"},"2":{"st":"1,{1.90594,0,0,2.04358,82.39,252.87},1"}}},{"frameNumber":63,"state":{"1":{"st":"0,{1.84238,0,0,1.97034,73.1,221.9},1"},"2":{"st":"1,{1.84238,0,0,1.97034,84.15,241.11},1"}}},{"frameNumber":64,"state":{"1":{"st":"0,{1.78116,0,0,1.89981,75.3,211.25},1"},"2":{"st":"1,{1.78116,0,0,1.89981,85.99,229.77},1"}}},{"frameNumber":65,"state":{"1":{"st":"0,{1.722198,0,0,1.83192,77.3,201},1"},"2":{"st":"1,{1.722198,0,0,1.83192,87.63,218.86},1"}}},{"frameNumber":66,"state":{"1":{"st":"0,{1.665604,0,0,1.76672,79.25,191.15},1"},"2":{"st":"1,{1.665604,0,0,1.76672,89.24,208.38},1"}}},{"frameNumber":67,"state":{"1":{"st":"0,{1.61128,0,0,1.70413,81.1,181.7},1"},"2":{"st":"1,{1.61128,0,0,1.70413,90.77,198.32},1"}}},{"frameNumber":68,"state":{"1":{"st":"0,{1.55928,0,0,1.64424,82.9,172.65},1"},"2":{"st":"1,{1.55928,0,0,1.64424,92.26,188.68},1"}}},{"frameNumber":69,"state":{"1":{"st":"0,{1.509598,0,0,1.58699,84.65,164},1"},"2":{"st":"1,{1.509598,0,0,1.58699,93.71,179.47},1"}}},{"frameNumber":70,"state":{"1":{"st":"0,{1.46222,0,0,1.53246,86.3,155.8},1"},"2":{"st":"1,{1.46222,0,0,1.53246,95.07,170.74},1"}}},{"frameNumber":71,"state":{"1":{"st":"0,{1.41714,0,0,1.480499,87.9,147.9},1"},"2":{"st":"1,{1.41714,0,0,1.480499,96.403,162.33},1"}}},{"frameNumber":72,"state":{"1":{"st":"0,{1.374405,0,0,1.43127,89.35,140.5},1"},"2":{"st":"1,{1.374405,0,0,1.43127,97.596,154.45},1"}}},{"frameNumber":73,"state":{"1":{"st":"0,{1.33394,0,0,1.38469,90.8,133.45},1"},"2":{"st":"1,{1.33394,0,0,1.38469,98.804,146.95},1"}}},{"frameNumber":74,"state":{"1":{"st":"0,{1.29584,0,0,1.34077,92.1,126.8},1"},"2":{"st":"1,{1.29584,0,0,1.34077,99.88,139.87},1"}}},{"frameNumber":75,"state":{"1":{"st":"0,{1.26001,0,0,1.2995,93.35,120.6},1"},"2":{"st":"1,{1.26001,0,0,1.2995,100.91,133.27},1"}}},{"frameNumber":76,"state":{"1":{"st":"0,{1.22649,0,0,1.26089,94.45,114.75},1"},"2":{"st":"1,{1.22649,0,0,1.26089,101.81,127.04},1"}}},{"frameNumber":77,"state":{"1":{"st":"0,{1.195297,0,0,1.22493,95.55,109.3},1"},"2":{"st":"1,{1.195297,0,0,1.22493,102.72,121.24},1"}}},{"frameNumber":78,"state":{"1":{"st":"0,{1.16638,0,0,1.19167,96.55,104.3},1"},"2":{"st":"1,{1.16638,0,0,1.19167,103.55,115.92},1"}}},{"frameNumber":79,"state":{"1":{"st":"0,{1.13983,0,0,1.16107,97.45,99.65},1"},"2":{"st":"1,{1.13983,0,0,1.16107,104.29,110.97},1"}}},{"frameNumber":80,"state":{"1":{"st":"0,{1.11555,0,0,1.133102,98.35,95.45},1"},"2":{"st":"1,{1.11555,0,0,1.133102,105.04,106.498},1"}}},{"frameNumber":81,"state":{"1":{"st":"0,{1.09361,0,0,1.10782,99.05,91.65},1"},"2":{"st":"1,{1.09361,0,0,1.10782,105.61,102.45},1"}}},{"frameNumber":82,"state":{"1":{"st":"0,{1.07396,0,0,1.08517,99.8,88.2},1"},"2":{"st":"1,{1.07396,0,0,1.08517,106.24,98.78},1"}}},{"frameNumber":83,"state":{"1":{"st":"0,{1.05663,0,0,1.06519,100.35,85.2},1"},"2":{"st":"1,{1.05663,0,0,1.06519,106.69,95.59},1"}}},{"frameNumber":84,"state":{"1":{"st":"0,{1.041595,0,0,1.04791,100.9,82.55},1"},"2":{"st":"1,{1.041595,0,0,1.04791,107.15,92.77},1"}}},{"frameNumber":85,"state":{"1":{"st":"0,{1.02888,0,0,1.03329,101.3,80.35},1"},"2":{"st":"1,{1.02888,0,0,1.03329,107.47,90.42},1"}}},{"frameNumber":86,"state":{"1":{"st":"0,{1.01849,0,0,1.02129,101.7,78.55},1"},"2":{"st":"1,{1.01849,0,0,1.02129,107.81,88.51},1"}}},{"frameNumber":87,"state":{"1":{"st":"0,{1.01041,0,0,1.01196,101.95,77.1},1"},"2":{"st":"1,{1.01041,0,0,1.01196,108.01,86.97},1"}}},{"frameNumber":88,"state":{"1":{"st":"0,{1.00464,0,0,1.00533,102.2,76.15},1"},"2":{"st":"1,{1.00464,0,0,1.00533,108.23,85.95},1"}}},{"frameNumber":89,"state":{"1":{"st":"0,{1.00116,0,0,1.00133,102.3,75.55},1"},"2":{"st":"1,{1.00116,0,0,1.00133,108.31,85.31},1"}}},{"frameNumber":90,"state":{"1":{"st":"0,{1,0,0,1,102.35,75.35},1"},"2":{"st":"1,{1,0,0,1,108.35,85.1},1"}}}],"animationMasks":{},"boundingBox":{"x":65.35,"y":74.85,"height":305.79999999999995,"width":432.1},"animationFrameCount":120,"namedParts":{"2":"mc.tf"}}